{"sceneId":3,"posX":721.0,"posY":300.0,"direction":300,"level":2,"hp":52.999908447265628,"mp":29.49991798400879,"exp":212.0}